id,name,email,signup_date
1,Brian Kelley,ksmith@example.org,2024-01-06
2,Shawn Kennedy,iguzman@example.org,2024-07-25
3,Katherine White,gerald24@example.com,2024-07-14
4,Travis Taylor,kylejackson@example.org,2024-11-02
5,Scott Drake,brennanyvonne@example.net,2024-12-23
6,Jason Baker,jillian69@example.net,2024-05-05
7,Christopher Moyer,karen60@example.org,2023-12-09
8,Charles Price,hoffmanmatthew@example.net,2025-01-20
9,Gabrielle King,daniel46@example.com,2025-09-03
10,Kim Morrison,kimberly15@example.org,2024-04-11
11,Jocelyn Brewer,timothyward@example.net,2025-04-25
12,Erica Howell,irivera@example.com,2025-02-14
13,Kelli Davis,espinozacheryl@example.org,2024-01-03
14,Amanda West,aroberts@example.net,2024-05-23
15,Lydia Houston,derekarnold@example.com,2024-08-05
16,Ruben Little,brianna97@example.net,2024-12-25
17,Antonio Porter,michellevilla@example.net,2024-12-30
18,Karen Meza,johnyoung@example.net,2024-10-24
19,Debra Berger,adamslee@example.com,2025-10-14
20,Brian Riley,johnsontammy@example.com,2025-05-26
21,Daniel Edwards,wolfjennifer@example.com,2024-09-09
22,Melissa Bowen,emorgan@example.com,2023-12-24
23,Hunter Cunningham,brian07@example.org,2025-03-10
24,Nicole Goodwin,james20@example.com,2025-02-04
25,Eric Davis,patricia16@example.net,2024-03-10
26,Maurice Pham,deborah06@example.org,2025-01-23
27,Billy Dixon,christopherjacobs@example.org,2025-03-20
28,Mr. Terry Robinson,jonesryan@example.net,2024-01-02
29,Sean Bean,brownlisa@example.net,2024-09-08
30,Lucas Brooks,fmiller@example.com,2025-03-09
31,Deborah White,xward@example.com,2024-12-25
32,Todd Rose,matthewrojas@example.org,2025-10-09
33,Steven Black,ohicks@example.com,2024-08-20
34,Travis Robinson,higginsdanielle@example.net,2024-10-08
35,Robert Frey,pricejennifer@example.net,2025-11-11
36,Emily Matthews,brandy13@example.org,2025-05-17
37,Stacy Evans,dale82@example.org,2024-07-13
38,David Fisher,aguilarantonio@example.org,2025-09-02
39,Amy Olson,alison02@example.com,2023-11-25
40,Stephanie Mclean,smorrison@example.org,2025-07-04
41,Anne Burton,angelamoore@example.org,2024-08-02
42,Elizabeth Nunez,wharris@example.net,2025-06-15
43,Lauren Gray,fmckinney@example.net,2025-02-28
44,Meagan Adams,seanshepherd@example.org,2025-02-23
45,Kimberly Johnson,sharontran@example.com,2025-10-14
46,Timothy Spencer,ashley62@example.net,2024-09-28
47,Mary Becker,jmathews@example.com,2024-12-24
48,Jodi Miller,acollins@example.net,2024-09-23
49,Gerald Wright,david30@example.com,2024-07-15
50,Matthew Harris,friedmankelly@example.org,2025-02-21
51,Mark Matthews,mooremeghan@example.com,2024-11-24
52,Gregory Manning,laura31@example.net,2023-11-17
53,Jennifer Hurley,cpotter@example.com,2023-12-09
54,David Myers,schaefermichael@example.com,2025-04-28
55,Bradley Long,reginald29@example.com,2025-02-24
56,Jeremy Flores,thomas61@example.org,2024-02-08
57,Frank Lopez,ncaldwell@example.org,2024-05-23
58,Dr. Alexis Moore,kempchristina@example.com,2024-04-28
59,Rhonda Jones,sharonwhite@example.com,2024-05-02
60,Robin Kirby MD,pamela98@example.com,2024-08-07
61,Bobby Norton,simsjoyce@example.org,2025-05-31
62,Alex Myers,rachel79@example.com,2025-10-17
63,Latoya Romero,tdavis@example.com,2025-06-16
64,Keith Torres,andrew59@example.com,2024-03-27
65,Steven Wheeler,rscott@example.net,2025-08-13
66,Emily Miller,laurabell@example.org,2025-03-19
67,Larry Walker,inorris@example.org,2025-03-26
68,Christopher Jones,bradleykeller@example.net,2025-08-23
69,Rebecca Paul,marcusyoung@example.net,2023-11-16
70,Karen Parrish,arnoldchristopher@example.net,2024-09-17
71,James Huffman,hwoodward@example.net,2024-11-11
72,Lisa Nelson,winterskendra@example.org,2024-10-23
73,Kelly Harris,vknight@example.com,2023-12-03
74,Lee Hernandez,christinegallagher@example.org,2025-08-30
75,Wendy Patton,krystal10@example.net,2025-06-02
76,Carla Rogers,perezchristine@example.com,2024-06-12
77,Stephen Hughes,lindsay05@example.net,2025-06-08
78,Mrs. Danielle Pierce,thomasroberts@example.com,2023-11-23
79,Denise Holland,friley@example.org,2024-12-23
80,Gary Proctor,wchen@example.org,2024-12-13
81,Peter Shaw,mendozamark@example.com,2024-12-07
82,Colleen Bennett,richardwilson@example.com,2024-01-11
83,Kevin Johnson,corey19@example.org,2024-04-28
84,Melinda Gray,nstephenson@example.org,2023-12-06
85,Ronald Herrera,hjones@example.com,2025-05-29
86,Darrell King,davissandy@example.net,2024-03-31
87,Katie Williams,robert10@example.org,2025-09-23
88,Emily Schroeder,jermaine02@example.com,2025-05-21
89,Sandra Moore,vcarlson@example.org,2025-10-21
90,Joshua Elliott,xhall@example.com,2025-10-19
91,Rachel Romero,johngutierrez@example.net,2024-12-12
92,Charles Brown,roydavis@example.net,2023-11-16
93,Adrian Baker,robertfox@example.com,2024-04-22
94,Kimberly Gomez,cnguyen@example.net,2025-02-28
95,Michael Gibbs,houstondenise@example.org,2024-09-29
96,Kyle Morris,keithkeller@example.org,2024-02-18
97,Lisa Chavez,ujones@example.net,2024-03-23
98,Matthew Campbell,pearsonjeffrey@example.com,2025-01-23
99,Jason Hernandez,kristen96@example.org,2025-09-15
100,Patricia Jones,adamsnancy@example.net,2024-08-03
101,Ricky Contreras,nicole81@example.com,2025-02-14
102,Abigail Hale,yfreeman@example.com,2025-04-18
103,Nicholas George,kristen44@example.net,2023-11-27
104,Timothy Christensen,reedterri@example.org,2024-06-15
105,Kimberly Chen,scottneal@example.org,2025-05-18
106,Veronica Weaver,joshuamendez@example.net,2024-05-21
107,Richard Henry,flowerscynthia@example.org,2025-05-08
108,Matthew Rodriguez,heather82@example.com,2025-02-08
109,Michelle Le,lsmith@example.net,2024-03-09
110,Sarah Carter,edwincruz@example.com,2025-03-16
111,Tina Byrd,bentonthomas@example.org,2024-04-18
112,Jacqueline Phillips,brookeparrish@example.net,2024-11-13
113,Maria Johnson,zgarza@example.com,2024-09-02
114,Christopher Brewer,kbridges@example.com,2024-04-15
115,Cathy Greer,reedcorey@example.net,2024-11-28
116,Nicole Ware,omullins@example.net,2025-11-03
117,Calvin Paul,jprice@example.net,2024-01-03
118,Kayla Reyes,drivera@example.org,2025-02-08
119,Tony Williams,staceycollins@example.org,2024-05-10
120,David Adams,thompsonderek@example.org,2024-09-20
121,Daniel Maxwell,michellerodriguez@example.com,2025-02-27
122,Ralph Harmon,freemanwilliam@example.com,2025-03-01
123,Tracy Krause,littlesusan@example.org,2025-02-21
124,Rose Sellers,whitejerry@example.net,2024-02-15
125,Robert Miller,cjohnson@example.net,2024-01-19
126,Amber Perry,acook@example.org,2025-09-07
127,Brian Grimes,nlopez@example.net,2025-11-13
128,Jerry Davis,leon30@example.org,2025-02-24
129,Tiffany Brock,james80@example.net,2025-08-05
130,Barbara Marquez,kleinandre@example.org,2024-02-22
131,Chad Jones,kristyjohnson@example.net,2024-07-13
132,Mark Kim,jacqueline07@example.net,2025-03-18
133,Joshua Scott,xlewis@example.net,2025-10-28
134,Matthew Jacobs,eduardo56@example.net,2024-01-12
135,James Brown,cdrake@example.org,2024-02-12
136,Edward Smith,robinford@example.org,2024-09-12
137,Jonathan Gilbert,kaitlin63@example.net,2025-05-17
138,Spencer Osborne,taylor75@example.org,2024-03-08
139,Daniel Hall,powersjoe@example.org,2024-09-22
140,Ashley Dunn,osims@example.com,2025-06-25
141,Barbara Harris,vincentstephen@example.com,2024-11-22
142,Matthew Brock,denisebrown@example.net,2024-08-31
143,Vanessa Campbell,patrickmelissa@example.com,2024-12-22
144,Karen Evans,carneybrian@example.org,2024-02-23
145,Glenn Young,bobbymills@example.com,2025-05-07
146,Alicia Wilson,christopherwagner@example.com,2024-05-27
147,Samantha Bowman,vargasalicia@example.net,2025-06-24
148,James Gibbs,kramerhoward@example.com,2025-09-15
149,Holly Jones,svalencia@example.org,2025-07-23
150,Connor Bryan,waterstheresa@example.net,2024-07-04
151,Jeffrey Ross,andrewbrennan@example.com,2025-02-20
152,Sabrina Brown,ybyrd@example.net,2025-05-28
153,Larry Parrish,nwilson@example.net,2025-10-02
154,Steven Riley,robertbaker@example.com,2025-02-19
155,Cynthia Davis,santiagonathan@example.net,2024-02-13
156,Dr. Scott Butler,gregoryjenkins@example.net,2025-03-10
157,Phillip Rodriguez,wrodriguez@example.com,2025-11-08
158,Brandon Mcdowell,davidthompson@example.net,2024-10-22
159,Travis Grant,fmorris@example.org,2025-09-27
160,Michael Browning,bwaters@example.net,2024-12-20
161,Christian Johnson,davidweeks@example.com,2024-06-04
162,Amber Moss,pittmanjoseph@example.com,2025-08-11
163,Crystal Myers,ericbaker@example.com,2023-12-15
164,John Williams,jlara@example.net,2024-12-25
165,Donald Green,arthurparker@example.net,2025-11-09
166,Nicholas Cox,judybanks@example.org,2024-06-11
167,Anthony Clark,sydneyking@example.com,2024-03-18
168,Donna Mendez,whiteamy@example.com,2024-07-03
169,Lisa Reyes DVM,kimberly91@example.net,2025-01-28
170,Carolyn Freeman,tmyers@example.com,2025-09-01
171,Kristen Lee,gillespiedaniel@example.org,2024-04-14
172,John Chase,alexis85@example.org,2025-03-27
173,Stephen Park,xwhite@example.org,2024-09-13
174,Mr. Bryce Maddox,vincent53@example.org,2025-07-04
175,Brittany Johnson,greenjessica@example.com,2025-05-29
176,Trevor Arnold,christopher96@example.net,2025-11-10
177,Samuel Harris,tina17@example.org,2024-09-14
178,Aaron Wells,lindsaythornton@example.net,2023-12-04
179,Wayne Brandt,jesusmcclure@example.net,2025-09-24
180,Kendra Chavez,brownkaren@example.org,2024-01-24
181,Anthony Foster,gayala@example.net,2025-10-09
182,David Silva,brucerogers@example.com,2025-07-05
183,Jason Garcia,kimberly31@example.net,2024-08-19
184,Donald Kelly,ethomas@example.net,2025-06-13
185,Nicole Ruiz,jfisher@example.com,2024-11-16
186,Gary Bell,melissamays@example.org,2025-03-16
187,Gregory Douglas,rbrown@example.net,2024-09-22
188,Kevin White,jamesjennifer@example.org,2024-03-24
189,James Harris,brennanangela@example.net,2025-09-25
190,Sara White,hodgemark@example.org,2024-05-23
191,Frank Abbott,kayla08@example.com,2024-03-03
192,Bryan Knapp,mbryan@example.net,2024-08-13
193,Jennifer Black,cooktanner@example.org,2024-03-07
194,Amanda Logan,nathan07@example.com,2024-12-20
195,Samuel Payne,angela74@example.com,2024-08-12
196,Kathleen Riley,bsmith@example.com,2024-06-08
197,Stephen Keller,christinaescobar@example.net,2024-03-20
198,Justin Robinson,anthonyparks@example.net,2025-04-16
199,Tanya Marks,wellslauren@example.org,2023-11-28
200,Patrick Hartman,arellanojason@example.com,2024-10-31
